NCT00875134, Drug Evaluation, Clinical Research Protocol, Medical Records, Protocols, Nursing, Drug-Related Side Effects and Adverse Reactions, Intraoperative Awareness, Pragmatic Clinical Trial, Drug Approval Process, Respiratory Therapy, Nutrition Therapy,,,,,
NCT00876174, Drug Evaluation, drisapersen, Hematologic Agents, Hepatitis C, Chronic, Sustained Virologic Response, HIV Seropositivity, Drug Approval Process, Risk Factors, Clinical Trials, Phase IV as Topic, Cancer Screening,,,,
NCT00878293, Movalis, Drug Evaluation, Analgesics, Clinical Trials, Phase IV as Topic, Drug-Related Side Effects and Adverse Reactions, Pain Management, milgamma, Treatment Effectiveness, Pregabalin, Ketogan,,,,,
NCT00883675, Multicenter Study, Clinical Trials, Phase I as Topic, Clinical Trials, Phase IV as Topic, Drug-Related Side Effects and Adverse Reactions, Temodal, Drug Evaluation, ombrabulin, Clinical Trials, Randomized, evofosfamide, Oncophage,,,
NCT00885287, Coartem, triomune, Drug Evaluation, Centers for Disease Control and Prevention (U.S.), HIV Seropositivity, Drug-Related Side Effects and Adverse Reactions, Fansimef, Clinical Trials, Phase IV as Topic, Antiretroviral Therapy, Highly Active, malarone,,,,
NCT00886210, Postoperative Nausea, Defecation, Postoperative Nausea and Vomiting, Intraoperative Period, Cholecystectomy, Vomiting, Postoperative, Pain, Postoperative, Interpleural Analgesia, Cryoanesthesia, Movalis,,,,
NCT00887380, Prophylactic Mastectomy, Breast-Conserving Surgery, Clinical Research Protocol, Multicenter Study, Mastectomy, Radical, Cancer of Skin, Breast Carcinoma In Situ, Treatment Protocols, Breast, Mastectomy, Segmental,,,,
NCT00889174, Neurologic Findings, Multiple Chemical Sensitivity, Asymptomatic Diseases, Neurobehavioral Manifestations, Cognition Disorders, Multiple Sclerosis, Disease, Biochemical Phenomena, Outcome Studies, Neuropsychological Tests,,,,,,
NCT00889811, Cardiovascular Surgical Procedures, Myocardial Revascularization, Coronary Artery Bypass, Perioperative Period, Thrombolytic Therapy, Counterpulsation, External, Stroke, Acute, Shock, Cardiogenic, Cardiopulmonary Bypass, Angina Pectoris,,,
NCT00893269, Drug-Related Side Effects and Adverse Reactions, Drug Evaluation, Drug Therapy, Nonprescription Drugs, Overmedication, Analgesics, Deprescribing, Drug Withdrawal Symptoms, Drug Prescriptions, Psychotropic Drugs,,,,,,
NCT00894088, Omnitrope, Drug Approval Process, Clinical Trials, Phase IV as Topic, Drug Compounding, Drug Evaluation, Food-Drug Interactions, Sovaldi, Drug Labeling, Protropin, Norvir,,,,,
NCT00896129, Pulmonary Medicine, Clinical Research Protocol, Secondary Care Centers, Multicenter Study, Obstetrics Department, Pragmatic Clinical Trial, Clinical Trials, Phase IV as Topic, Nonrespondents, Practice Patterns, Physicians', Protocols, Nursing,,,
NCT00896740, Drug Evaluation, drisapersen, Multicenter Study, Hematologic Neoplasms, Revlimid, Drug Approval Process, Antineoplastic Protocols, Clinical Trials, Phase IV as Topic, Clinical Research Protocol, Neumega,,,,,
NCT00899028, Biomarkers, Tumor, Cancer Screening, Carcinoma in Situ, Multicenter Study, Hematologic Neoplasms, Neoplasms, Unknown Primary, Drug Evaluation, Antineoplastic Protocols, Clinical Trials, Phase I as Topic, Liver Function Tests,,,
NCT00901888, Digoxin, Etilefrine, Hypotension, Vasoconstrictor Agents, VS-105, Hematologic Agents, Minipress, Doxazosin, Nitroglycerin, Hydroxyethylrutoside,,,,,,
NCT00904332, Photic Stimulation, Models, Neurological, Brainwave Biofeedback, Healthy Volunteers, Sensory Motor Performance, Mental Processes, Body-Image Agnosia, Perceptual Motor Performance, Transcranial Alternating Current Stimulation, Neurofeedback,,,,,
NCT00905879, Drug Approval Process, Clinical Research Protocol, Drug Evaluation, Device Approval, Medication Systems, Clinical Trials, Phase IV as Topic, Drug Labeling, Drug Utilization Review, Product Approval, New Drug Approval,,,,,
NCT00911833, Clinical Research Protocol, Genetic Information, Personal, Practice Patterns, Physicians', Physician-Patient Relations, Disability Evaluation, Outcome Measures, Nonrespondents, Drug Evaluation, Needs Assessment, Deprescribing,,,,
NCT00912158, Respiratory Therapy, Continuous Positive Airway Pressure, Blood Gas Analysis, Extracorporeal Membrane Oxygenation, Work of Breathing, Cardiovascular Surgical Procedures, Oxygen Inhalation Therapy, Patient Readmission, Pulmonologists, Protocols, Nursing,,,,,
NCT00912483, Drug Evaluation, Clinical Trials, Randomized, Treatment Effectiveness, Clivarin, Systemic Enzyme Therapy, Clinical Trials, Phase IV as Topic, Acenocoumarol, Lovenox, Drug Costs, Hematologic Agents,,,,
NCT00913731, Clinical Research Protocol, Disability Evaluation, Nonrespondents, Outcome Studies, Outcome Measures, Behavior Observation Techniques, Outcome Assessment (Health Care), Diagnosis, Psychiatric, Pragmatic Clinical Trial, Rehabilitation Research,,,,,
NCT00915070, Nitroglycerin, Hypotension, Doxium, Capillary Resistance, Blood Pressure Monitors, Single-Masked Study, Ocular Hypotension, Cardiac Output, White Coat Hypertension, Blood Pressure Determination,,,,,,
NCT00916240, Nonrespondents, Drug Therapy, Self Care, Outcome Measures, Episode of Care, Deprescribing, Compliant Behavior, Drug Evaluation, Multimorbidity, Drug-Related Side Effects and Adverse Reactions,,,,,,
NCT00917631, Infant Care, Infant Welfare, Medical Records, Respiratory Therapy, Protocols, Nursing, Intensive Care Units, Neonatal, Breast Feeding, Infant, Extremely Premature, Breast Milk Expression, Clinical Research Protocol,,,
NCT00918892, Cancer Screening, Triple Negative Breast Neoplasms, Biomarkers, Tumor, Breast Carcinoma In Situ, Carcinoma, Ductal, Breast, Breast Neoplasms, ERbetacx, Tissue Microarray Analysis, Carcinoma, Mammary Ductal, Endometrial Carcinoma,,
NCT00922844, Intraoperative Period, Nitroglycerin, Cardiovascular Surgical Procedures, Cryoanesthesia, Anesthesia, Intravenous, Anesthetics, Inhalation, Anesthesia, General, Postoperative Nausea, Alfentanil, Anesthesia,,,
NCT00927472, Hematologic Agents, Treatment Effectiveness, Drug Evaluation, Dexatrim, Contractubex, Patient Dropouts, Periodontal Debridement, drisapersen, Treatment Protocols, Periostat,,,,,,
NCT00928044, Leiomyoma, Gynecological Examination, Menorrhagia, Uterine Monitoring, Prophylactic Mastectomy, Pregnancy, Heterotopic, Ovariectomy, Genital Diseases, Female, Endometrial Diseases, Uterus,,,,
NCT00928304, ((11)C)PIB, florbetapir F 18, 18F-FMISO, Hematologic Agents, Ceretec, (123I)iomazenil, BF 227, Brain Imaging, Fluorodeoxyglucose F18, Technetium Tc 99m Exametazime,,,,,,
NCT00929799, Insulin Shock, Hyperinsulinism, Euglycemic Clamp, Glucose Metabolism Disorders, Glucose Clamping, Fasting, Hyperlipidemias, Weight Loss, Lipolysis, Incretin Effect,,,,,,
NCT00931255, Kidney Function Tests, Creatinine, Renal Dialysis, CsA-Neoral, Graft Rejection, Heart-Lung Transplantation, Certican, Transplant Recipients, Tissue Transplants, Simulect,,,,,,
NCT00932126, drisapersen, evofosfamide, CRLX101, Drug Administration Schedule, Neumega, Drug Toxicity, Clinical Trials, Phase I as Topic, tecemotide, Drug-Related Side Effects and Adverse Reactions, Altretamine,,,,,
NCT00933413, Centers for Disease Control and Prevention (U.S.), Therapeutics, Drug Evaluation, Systemic Enzyme Therapy, Drug Compounding, Hematologic Agents, Asymptomatic Diseases, Drug Hypersensitivity, Drug Labeling, Treatment Effectiveness,,,,,,
NCT00935181, Vital Capacity, Breathing Exercises, Endurance Shuttle Walk Test, Respiratory Muscles, Spirometry, Cardiopulmonary Exercise Test, Exercise Therapy, Maximal Voluntary Ventilation, Work of Breathing, Breath Tests,,,,,,
NCT00937287, Risk Reduction Behavior, Self Care, Screening, Nonrespondents, Risk Behavior, Transition to Adult Care, Family Research, Patient Transition, Outcome Measures, Health Knowledge, Attitudes, Practice,,,,
NCT00873678, Lissencephaly, Hemimegalencephaly, Lissencephalies, Classical, Acrocallosal Syndrome, Agyria, Aicardi Syndrome, Coloboma, Conotruncal Anomaly Face Syndrome, Cobblestone Lissencephaly, Wolf-Hirschhorn Syndrome,,,,,
NCT00875212, Cariostatic Effect, Fluorides, Tooth Demineralization, Dental Plaque Index, Dental Caries, Crest Regular Dentifrice, Fluoride Varnishes, Fluorides, Topical, Pit and Fissure Sealants, Caridex,,,,,
NCT00875888, Venovenous Hemofiltration, Organ Failure Scores, Dialysis, Extracorporeal, Extracorporeal Membrane Oxygenation, Hemofiltration, Continuous Arteriovenous, Point-of-Care Systems, Blood Physiological Phenomena, Kidney Function Tests, Cardiovascular Surgical Procedures, Catheterization, Central Venous,,,
NCT00878202, Clinical Research Protocol, Pragmatic Clinical Trial, Medical Records, Patient Readmission, Outcome Measures, Point-of-Care Systems, Clinical Trials, Phase IV as Topic, Multimorbidity, Clinic Activities, Long-Term Care,,,,,
NCT00878813, Neurologic Findings, Clinical Research Protocol, Point-of-Care Systems, Drug Evaluation, Cerebral Arterial Diseases, Outcome Studies, Clinical Trials, Phase IV as Topic, Biochemical Phenomena, Models, Biological, Protocols, Nursing,,,
NCT00882635, Fibrinolytic Agents, Thrombolytic Therapy, Revasc, Acenocoumarol, Myocardial Infarction, Nadroparin, Non-ST Elevated Myocardial Infarction, Enoxaparin, Percutaneous Coronary Intervention, Platelet Aggregation Inhibitors,,,,,,
NCT00887367, Chronopharmacokinetics, Hematologic Agents, Drug Evaluation, Polysomnography, Drug Administration Schedule, Dexatrim, Blood Pressure Determination, Euphylong, Drug Withdrawal Symptoms, Food Interactions,,,,,,
NCT00892957, Hemostatics, Amicar, WAS 406, Liver Function Tests, Hemorrhage, Blood Loss, Surgical, Blood Transfusion, Autologous, Hematologic Agents, Hemostatic Techniques, Revasc,,,,
NCT00894283, Acenocoumarol, Sintrom, Nadroparin, Lovenox, Venous Thromboembolism, Marcoumar, Pulmonary Embolism, Revasc, tinzaparin sodium, Clivarin,,,,,,
NCT00896194, Weight Reduction Programs, Drug Therapy, Nutrition Assessment, Clinical Research Protocol, Body Weight Changes, Nonrespondents, Drug Evaluation, Self Care, Patient Participation, Counseling,,,,,,
NCT00899275, Clinical Conference, Safety-net Clinics, Vascular Nursing, Clinic Activities, Clinical Research Protocol, Health Services, University, Practice Patterns, Physicians', Community Health Systems, Dental Care for Children, Cohort Studies,,,,
NCT00900549, Cardiac Resynchronization Therapy Devices, Dobutamine, Defibrillators, Implantable, Congestive Heart Failure, Heart Failure, Heart Rate, Cardiovascular Surgical Procedures, Heart Diseases, Cardiac Catheterization, Kinetocardiography,,,,,
NCT00901836, Clinical Research Protocol, Clinical Trials, Phase I as Topic, Models, Biological, Multicenter Study, Manipulation Therapy, Drug Evaluation, Liver Function Tests, Clinical Trials, Phase IV as Topic, Carcinoma in Situ, Dose-Response Relationship, Radiation,,
NCT00902486, Clinical Trials, Phase IV as Topic, Drug Evaluation, Drug-Related Side Effects and Adverse Reactions, Systemic Enzyme Therapy, Movalis, Tauredon, Clinical Trials, Phase I as Topic, Treatment Protocols, Clinical Research Protocol, Multicenter Study,,,,
NCT00907322, Drug Evaluation, Drug-Related Side Effects and Adverse Reactions, Clinical Trials, Phase IV as Topic, Drug Approval Process, Drug Administration Schedule, Hematologic Agents, Chronopharmacokinetics, drisapersen, Emsam, Trileptal,,,,,
NCT00908050, Tension-Type Headache, Urinary Incontinence, Essential Tremor, Myofeedback, Dental Care, Temporomandibular Joint Dysfunction Syndrome, Muscle Spasticity, Myalgia, Physical Therapy Modalities, Manipulation, Chiropractic,,,,,
NCT00908375, Movalis, Dysmenorrhea, Pain Management, Physical Therapy Modalities, Acute Pain, Pain Threshold, Postoperative Nausea, Manipulation, Chiropractic, Drug Therapy, Analgesics,,,,,
NCT00909337, Tracleer, Idiopathic Pulmonary Arterial Hypertension, Dobutamine, Flolan, Exercise Therapy, Molsidomine, Minipress, Nitroglycerin, Hypertension, Pulmonary, Hypotension,,,,,
NCT00911170, Clinical Trials, Phase I as Topic, Drug-Related Side Effects and Adverse Reactions, Risk Factors, Treatment Effectiveness, Survival Analysis, Prophylactic Mastectomy, Multicenter Study, Actuarial Analysis, Clinical Trials, Randomized, Standard of Care,,,,
NCT00911612, Chronopharmacokinetics, Hematologic Agents, Drug Evaluation, ROSE-010, Gastrointestinal Contents, Intestinal Absorption, larazotide acetate, Laxatives, Weight Loss, Hydroxyethylrutoside,,,,,,
NCT00911924, Clinical Research Protocol, Secondary Care Centers, Phacoemulsification, Vitreoretinal Surgery, Cardiovascular Surgical Procedures, Pulmonary Medicine, Refractive Errors, Neurosurgery, Medical Records, Glaucoma, Suspect,,,,,
NCT00914589, Revasc, Nadroparin, Hematologic Agents, Thrombophilia, Blood Transfusion, Autologous, Congestive Heart Failure, Heart Failure, WAS 406, Hemorrhage, Hematologic Tests,,,,,
NCT00920673, Clinical Research Protocol, Therapeutics, Medical Records, Dental Care, Catheterization, Outcome Studies, Neurosurgery, Neurosurgical Procedures, Procedures, Neurologic Findings,,,,,,
NCT00921258, Clinical Research Protocol, Multicenter Study, Overdiagnosis, Asymptomatic Diseases, Carcinoma in Situ, Clinical Trials, Phase IV as Topic, Medical Records, Disability Evaluation, Drug Evaluation, Cohort Studies,,,,,
NCT00922480, Hypoglycemic Agents, Drug Evaluation, Diet Therapy, Blood Pressure Determination, Nonrespondents, Drug-Related Side Effects and Adverse Reactions, Doxazosin, Antihypertensive Agents, Minipress, Clinical Trials, Phase IV as Topic,,,,,
NCT00923221, Clinical Trials, Phase IV as Topic, Consensus Development Conference, NIH, Drug Evaluation, Clinical Research Protocol, Models, Biological, Multicenter Study, Protropin, Cancer Screening, Clinical Trials, Phase I as Topic, Asymptomatic Diseases,,
NCT00924183, Diagnosis, Psychiatric, Depressive Symptoms, Behavior Rating Scale, Depression, Bipolar, Clinical Investigators, H-RSD, Depressive Disorder, Major, Depression, Interview, Psychological, Behavior Therapy,,
NCT00924495, Disability Evaluation, Physical Therapy Modalities, Myofeedback, Outcome Studies, Neurologic Findings, Clinical Research Protocol, Rehabilitation, Medical Records, Manipulation, Chiropractic, Outcome Assessment (Health Care),,,,,
NCT00926029, Dentin Sensitivity, Gingivitis, Tooth Discoloration, Dental Caries, Fluorides, Topical, Fluoride Varnishes, Periodontal Debridement, Dental Scaling, Fluorides, Dental Prophylaxis,,,,,
NCT00926653, Prodromal States, Drug Therapy, Depression, Bipolar, Diagnosis, Psychiatric, Cognition Disorders, Depressive Disorder, Major, Schizoaffective Disorder, Schizophreniform Disorders, Derealization, Dysthymic Disorder,,,
NCT00928642, Clinical Trials, Phase I as Topic, Altretamine, Multicenter Study, Prophylactic Mastectomy, Therapies, Investigational, Clinical Trials, Randomized, Carcinoma in Situ, ECF regimen, CAP regimen 1, CAP regimen 2,,,
NCT00930488, Centers for Disease Control and Prevention (U.S.), Clinical Trials, Phase IV as Topic, Drug Labeling, Drug Utilization Review, Databases, Pharmaceutical, Drug Evaluation, Medication Systems, Drug Compounding, Drug Hypersensitivity, Treatment Effectiveness,,,,
NCT00880386, Minipress, Vytorin, Tracleer, Amlodipine, Valsartan Drug Combination, Clinical Trials, Phase I as Topic, Lotensin, Diovan, Capoten, Doxazosin, Flolan,,,,
NCT00883857, Point-of-Care Systems, Clinical Research Protocol, Medical Records, Medication Systems, Heart-Assist Devices, Bedside Testing, Protocols, Nursing, Extracorporeal Membrane Oxygenation, Monitoring, Physiologic, Outcome Measures,,,,
NCT00885365, Respiratory Therapy, Hematologic Agents, Vital Capacity, Spirometry, Risk Factors, Drug Evaluation, WAS 406, Treatment Effectiveness, Urinalysis, Nonrespondents,,,,,,
NCT00885859, Pain Management, Electric Stimulation Therapy, Myofeedback, Medical Records, Pain Perception, Clinical Research Protocol, Physical Therapy Modalities, Cryoanesthesia, Pain Threshold, Manipulation Therapy,,,,,,
NCT00890734, Drug Evaluation, Clinical Trials, Phase IV as Topic, Clinical Research Protocol, Multimorbidity, Xolair, Respiratory Therapy, Drug-Related Side Effects and Adverse Reactions, Cost-Effectiveness Analysis, Drug Utilization Review, Benefit-Risk Assessment,,,,,
NCT00891683, Drug Evaluation, Treatment Effectiveness, Drug-Related Side Effects and Adverse Reactions, Hematologic Agents, Analgesics, Gastrointestinal Agents, Drug Therapy, Clinical Research Protocol, Movalis, Systemic Enzyme Therapy,,,,,,
NCT00892450, Drug-Related Side Effects and Adverse Reactions, Compazine, Provigil, Dothiepin, Levalbuterol, Gastrointestinal Agents, Lotronex, Pregabalin, Antihistamines, Classical, Cymbalta,,,,,
NCT00894166, Nicotine Lozenge, Tobacco Use Cessation, Nicotine Patch, Zyban (Anti-Smoking), Drug Evaluation, Nicotine Polacrilex, Chantix, Drug Therapy, Nicotine Replacement Products, Nicotine Nasal Spray,,,,,,
NCT00896181, Radiation Sickness, Clinical Trials, Phase I as Topic, Concurrent Chemoradiotherapy, Temodal, ombrabulin, Treatment Protocols, Radiation Syndrome, Fluorouracil, CAP regimen 2, CAP regimen 1,,,,,
NCT00898716, Clinical Trials, Phase IV as Topic, evofosfamide, Drug Approval Process, Drug Evaluation, drisapersen, Drug Administration Schedule, Levoleucovorin, Sovaldi, tecemotide, Omnitrope,,,,,
NCT00901147, Drug-Related Side Effects and Adverse Reactions, Clinical Trials, Phase I as Topic, Standard of Care, Therapies, Investigational, Treatment Failure, Cardiotoxicity, Drug Evaluation, Congestive Heart Failure, Heart Failure, Revlimid,,,,
NCT00903110, Omnitrope, Protropin, Clinical Trials, Phase IV as Topic, Drug Evaluation, Drug Approval Process, Nutropin, drisapersen, Hypoglycemic Agents, Treatment Effectiveness, Clinical Research Protocol,,,,,
NCT00904488, Shock, Cardiogenic, Hyperkalemia, Digoxin, Congestive Heart Failure, Heart Failure, Heart Failure, Right-Sided, Cardiovascular Surgical Procedures, Respiratory Therapy, Heart Failure, Left-Sided, Heart Diseases,,,
NCT00905671, Myocardial Revascularization, Atherectomy, Cardiovascular Surgical Procedures, Coronary Artery Bypass, Carotid Stenosis, Cerebral Arterial Diseases, Coronary Restenosis, Rotational Atherectomy, Angioplasty, Percutaneous Coronary Intervention,,,,,,
NCT00908401, Infant Welfare, Clinical Trials, Phase IV as Topic, Breast Milk Expression, Infant Care, Breast Feeding, Clinical Research Protocol, Nutrition Therapy, Nutrition Assessment, Protocols, Nursing, Drug Evaluation,,,,
NCT00911040, Drug Approval Process, Drug Approval, Investigational New Drug Application, Product Approval, New Drug Approval, Device Approval, United States Food and Drug Administration, Omnitrope, Clinical Research Protocol, Trial Protocols,,,,,,
NCT00914030, Clinical Research Protocol, Disability Evaluation, Behavior Observation Techniques, Medical Records, Clinical Trials, Phase IV as Topic, Neurologic Findings, Pragmatic Clinical Trial, Aptitude Tests, Research Subjects, Diagnosis, Psychiatric,,,,
NCT00914914, Clinical Trials, Phase I as Topic, Systemic Enzyme Therapy, Liver Function Tests, Neumega, Therapeutics, Therapies, Investigational, Drug Evaluation, Drug-Related Side Effects and Adverse Reactions, Standard of Care, evofosfamide,,,,
NCT00915265, Analgesia, Epidural, Postoperative Nausea, Interpleural Analgesia, Analgesia, Obstetrical, Anesthesia, Epidural, Anesthesia and Analgesia, Anesthesia, Spinal, Analgesia, Patient-Controlled, Pain Management, Anesthesia, General
NCT00916682, Clinical Research Protocol, Clinic Activities, Drug Evaluation, Medical Records, Point-of-Care Systems, Clinical Trials, Phase IV as Topic, Vascular Nursing, Medical Laboratory Personnel, Protocols, Nursing, Personal Medical Records,,,,
NCT00918320, Temodal, Malignant Primary Brain Tumors, Brain Tumor, Recurrent, Drug Therapy, Combination, Clinical Trials, Phase I as Topic, Radiation Sickness, Alkeran, Dacarbazine, Small Cell Lung Carcinoma, Etoposide,,,
NCT00918957, Hematologic Agents, Respiratory Therapy, Dexatrim, Urinalysis, Drug Evaluation, Chronopharmacokinetics, Cleviprex, WAS 406, Primaxin, Treatment Effectiveness,,,,,,
NCT00919750, Clinical Research Protocol, Vascular Nursing, Clinical Conference, Safety-net Clinics, Clinic Activities, Dental Care for Children, Practice Patterns, Physicians', Protocols, Nursing, Medical Care Team, Patient Transition,,,,
NCT00920309, Drug Evaluation, Drug-Related Side Effects and Adverse Reactions, Drug Approval Process, Clinical Trials, Phase IV as Topic, Asymptomatic Diseases, drisapersen, Drug Therapy, Clinical Trials, Randomized, Benefit-Risk Assessment, Drug Administration Schedule,,,,
NCT00921999, Herpes Zoster Vaccine, Hepatitis A Vaccines, HIV Seropositivity, Zostavax, Measles, Influenza Vaccines, Centers for Disease Control and Prevention (U.S.), Asymptomatic Diseases, Revaccination, Human Papillomavirus Vaccines,,,,,,
NCT00924534, Hypoglycemic Agents, Clinical Trials, Phase IV as Topic, Drug Evaluation, Diabetes Mellitus, Type 2, Hematologic Agents, Weight Loss, fasiglifam, Insulin Shock, Lopid, Diet Therapy,,,,
NCT00928213, Pregnancy Outcome, Uterine Monitoring, Pregnancy Trimester, First, Pregnancy Trimester, Third, Toxemia, Amniocentesis, Infant, Small for Gestational Age, Amnioscopy, Pregnancy, Ectopic, Fetomaternal Transfusion,,
NCT00928447, Drug Hypersensitivity, Dexatrim, Cetacaine, Drug-Related Side Effects and Adverse Reactions, Hematologic Agents, Drug Evaluation, Treatment Effectiveness, Desonide, Systemic Enzyme Therapy, Neumega,,,,,,
NCT00929331, Influenza Vaccines, Revaccination, Hepatitis A Vaccines, Zostavax, HIV Seropositivity, Centers for Disease Control and Prevention (U.S.), Diphtheria Toxoid, Drug-Related Side Effects and Adverse Reactions, Diphtheria-Tetanus-Pertussis Vaccine, rintatolimod,,,,,,
NCT00931203, Multicenter Study, Clinical Trials, Phase I as Topic, Liver Function Tests, Carcinoma in Situ, Chemoradiotherapy, Adjuvant, Prophylactic Mastectomy, Concurrent Chemoradiotherapy, Systemic Enzyme Therapy, Radiation Sickness, Clinical Trials, Randomized,,,
NCT00931554, Liver Function Tests, Blood Loss, Surgical, Pancreaticojejunostomy, Pancreaticoduodenectomy, Operative Time, Hemorrhoidectomy, Lymphocele, Postoperative Complications, Cardiovascular Surgical Procedures, Pulmonary Surgical Procedures,,,,,
NCT00931788, Drug Therapy, Blood Pressure Determination, Nonrespondents, Hypoglycemic Agents, Cardiovascular Agents, Deprescribing, Primary Prevention, Prescribing Patterns, Physician, Long-Term Care, Drug Evaluation,,,,,
NCT00934752, Myocardial Revascularization, Atherectomy, Clinical Research Protocol, Coronary Artery Bypass, pegnivacogin, Percutaneous Coronary Intervention, Revasc, Carotid Stenosis, Coronary Restenosis, Cerebral Arterial Diseases,,,,,,
NCT00936442, Clinical Trials, Phase IV as Topic, Drug Evaluation, Clinical Research Protocol, Drug Approval Process, Drug Labeling, Treatment Effectiveness, Drug Substitution, Deprescribing, Drug Utilization Review, Drug-Related Side Effects and Adverse Reactions,,,,,
NCT00937040, Outcome Measures, Nonrespondents, Behavior Rating Scale, Outcome Assessment (Health Care), Healthy Volunteers, Clinical Investigators, Outcome Studies, Polysomnography, Catastrophization, Randomized Response Technique,,,,,,
NCT00939159, Drug-Related Side Effects and Adverse Reactions, Neumega, Drug Evaluation, Drug Administration Schedule, Hematologic Agents, Leukopenia, Standard of Care, Drug Toxicity, drisapersen, Clinical Trials, Phase I as Topic,,,,,
NCT00939432, Nonrespondents, Clinical Research Protocol, Drug Evaluation, Disability Evaluation, Outcome Measures, Episode of Care, Randomized Response Technique, Clinic Activities, Age Reporting, Health Care Seeking Behavior,,,,,,
NCT00942266, Levoleucovorin, Altretamine, Clinical Trials, Phase I as Topic, CRLX101, Drug Toxicity, ombrabulin, Drug Administration Schedule, Systemic Enzyme Therapy, Drug Evaluation, Alkeran,,,,,
NCT00884052, Drug Evaluation, Hematologic Agents, Chronopharmacokinetics, Drug Administration Schedule, Drug-Related Side Effects and Adverse Reactions, Protropin, Respiratory Therapy, Overmedication, Clinical Trials, Phase IV as Topic, Jaundice, Neonatal,,,,
NCT00888758, Percutaneous Coronary Intervention, Rotational Atherectomy, Angioplasty, Balloon, Coronary, Coronary Restenosis, Myocardial Revascularization, Angiomax, Atherectomy, Drug-Eluting Stents, Revasc, ABT-578,,,,
NCT00890929, Revlimid, Leukopenia, Clinical Trials, Phase I as Topic, Drug-Related Side Effects and Adverse Reactions, Drug Toxicity, Alkeran, Neumega, BFM-79 protocol, Berlin-Frankfort-Munster protocol, Systemic Enzyme Therapy,,,,,
NCT00893932, Blood Gas Analysis, Organ Failure Scores, Overnutrition, Organ Dysfunction Scores, Hypotension, Preexisting Condition Coverage, Weight Loss, Intravenous Feeding, Respiratory Therapy, Vital Capacity,,,,,,
NCT00894517, Semen Analysis, Oligospermia, Azoospermia, Asthenozoospermia, Sperm Motility, Semen Quality, Asymptomatic Inflammatory Prostatitis, Teratozoospermia, Hematologic Agents, Aspermia,,,,,,
NCT00896571, Use-Effectiveness, Drug Approval Process, MPA-E2C, Drug Labeling, Drug Evaluation, Contraceptives, Postcoital, Levonorgestrel, Omnitrope, Clinical Trials, Phase IV as Topic, Drug Packaging,,,,
NCT00898313, Sputum, Hematologic Agents, Therapeutics, Cytological Techniques, Cytodiagnosis, Point-of-Care Systems, Blood Specimen Collection, Liver Function Tests, Asymptomatic Diseases, Clinical Research Protocol,,,,,,
NCT00901719, VS-105, Hypotension, Total Peripheral Resistance, Prorenin, Vasodilator Agents, Nitroglycerin, ecadotril, Molsidomine, Cardiac Output, Foridon,,,,,,
NCT00906633, Candidemia, Disseminated Fusariosis, Zygomycosis, Centers for Disease Control and Prevention (U.S.), Fungemia, Lung Diseases, Fungal, Candidiasis, Mucormycosis, Asymptomatic Diseases, Clinical Trials, Phase IV as Topic,,,,
NCT00908219, Clinical Trials, Phase I as Topic, Drug Evaluation, Liver Function Tests, Drug-Related Side Effects and Adverse Reactions, Protropin, Systemic Enzyme Therapy, Manipulation Therapy, Multicenter Study, Clinical Research Protocol, Models, Biological,,,,
NCT00908518, Intraoperative Care, Anesthesia, General, Otorhinolaryngologic Surgical Procedures, Intraoperative Awareness, Intraoperative Period, Anesthesia, Perioperative Period, Cryoanesthesia, Anesthesia, Obstetrical, Cardiovascular Surgical Procedures,,,,
NCT00912223, Hematopoietic Stem Cell Transplantation, Clinical Trials, Phase I as Topic, Disease-Free Survival, Graft vs Leukemia Effect, Cell Transplants, BFM-79 protocol, Berlin-Frankfort-Munster protocol, Transplantation Conditioning, Carcinoma in Situ, Peripheral Blood Stem Cell Transplantation,,,,,
NCT00912613, Clinical Research Protocol, Pragmatic Clinical Trial, Pain Clinics, Personal Medical Records, Medical Records, Protocols, Nursing, Nonrespondents, Clinic Activities, Episode of Care, Vascular Nursing,,,,,
NCT00913211, Healthy Volunteers, Myofeedback, Sensory Motor Performance, Perceptual Motor Performance, Sensorimotor Cortex, Aphasia Tests, Mental Processes, Cognition Disorders, Brainwave Biofeedback, Neurologic Findings,,,,,,
NCT00914082, Infant Welfare, Prenatal Care, Labor Pain, Clinical Research Protocol, Episode of Care, Prenatal Education, Nonrespondents, Infant Care, Counseling, Childbirth Classes,,,,,,
NCT00915239, Revaprazan, Ranitidine, Anti-Ulcer Agents, Gastrointestinal Agents, Movalis, Hypoglycemic Agents, Aspirin, Drug Evaluation, Hypochlorhydria, Histamine H2 Antagonists,,,,,,
NCT00918905, Medical Records, Medication Systems, Episode of Care, Clinical Research Protocol, Electronic Health Records, Personal Medical Records, Visiting Nurses, Clinic Activities, Patient Transition, Nonrespondents,,,,,,
NCT00919867, USL255, Food Interactions, 4-Aminopyridine Sustained Release, Chronopharmacokinetics, edivoxetine, Euphylong, Drug Administration Schedule, IPX066, Metadate, bitopertin,,,,,,
NCT00921453, Clinical Research Protocol, Biochemical Phenomena, Medical Records, Vascular Nursing, Protocols, Nursing, Disability Evaluation, Needs Assessment, Clinical Trials, Phase IV as Topic, Medical Devices, Models, Biological,,,
NCT00924040, Clinical Trials, Phase I as Topic, Neumega, CRLX101, Leukopenia, Revlimid, evofosfamide, Drug Evaluation, drisapersen, Drug-Related Side Effects and Adverse Reactions, tecemotide,,,,,
NCT00926146, Drug Evaluation, Risk Reduction Behavior, HIV Seropositivity, Centers for Disease Control and Prevention (U.S.), Substance Abuse Detection, Nonrespondents, Deprescribing, Medical Marijuana, Drug Rehabilitation Center, Screening,,,,,,
NCT00927589, Cedilanid, Chronopharmacokinetics, Mexitil, Heart Rate, Prajmaline, Digoxin, Nitroglycerin, Moricizine, VS-105, Systolic Time Interval,,,,,,
NCT00928772, Clinical Research Protocol, Cryoanesthesia, Electric Stimulation Therapy, Drug Evaluation, Medical Records, Pain Management, Therapeutics, Auriculotherapy, Physical Therapy Modalities, Neurosurgical Procedures,,,,,,
NCT00931515, Diskectomy, Lumbar Disc Disease, Spondylolisthesis, Spondylarthropathies, Spinal Diseases, Laminoplasty, Manipulation, Chiropractic, Laminotomy, Diskectomy, Percutaneous, Physical Therapy Modalities,,,,
NCT00932737, Movalis, Drug Therapy, Drug-Related Side Effects and Adverse Reactions, Drug Evaluation, Pregabalin, Clinical Investigators, Toradol, Treatment Effectiveness, Gastrointestinal Agents, Analgesics,,,,,,
NCT00933309, Drug Administration Schedule, Drug Evaluation, Neumega, Systemic Enzyme Therapy, Drug-Related Side Effects and Adverse Reactions, Dexatrim, Drug Toxicity, evofosfamide, Hypoglycemic Agents, Psychotherapy, Multiple,,,,,
NCT00933881, Hypertension, Pregnancy-Induced, Pregnancy Complications, Infectious, Diabetes, Gestational, Pregnancy in Diabetics, Infant, Small for Gestational Age, Prenatal Care, Pregnancy Trimester, First, Pregnancy Complications, Premature Birth, Pregnancy Trimesters,
NCT00937469, Disruptive Behavior Disorder, Problem Behavior, Social Skills, Diagnosis, Psychiatric, Autistic Disorder, Stuttering, Childhood, Fear, Aptitude Tests, Personality, Assertiveness,,,,
NCT00938080, Systemic Enzyme Therapy, Drug Evaluation, Treatment Effectiveness, Prophylactic Mastectomy, Clinical Research Protocol, Drug-Related Side Effects and Adverse Reactions, Hematologic Agents, Clinical Trials, Phase I as Topic, Therapeutics, Clinical Trials, Randomized,,,,
NCT00938691, Contractubex, Dermatologic Surgical Procedures, Therapeutics, Clinical Research Protocol, Physical Therapy Modalities, Dental Care, Wound Closure Techniques, Hemostatics, Oral Surgical Procedures, Biological Dressings,,,,,,
NCT00938912, Drug-Related Side Effects and Adverse Reactions, Drug Evaluation, Drug Therapy, Treatment Effectiveness, Nonrespondents, Clinical Research Protocol, Overmedication, Risk Factors, Benefit-Risk Assessment, Outcome Studies,,,,,,
NCT00939627, Clinical Trials, Phase I as Topic, Systemic Enzyme Therapy, Carcinoma in Situ, Drug-Related Side Effects and Adverse Reactions, Prophylactic Mastectomy, Asymptomatic Diseases, Multicenter Study, Radiation Sickness, Leukopenia, Treatment Failure,,,,,
NCT00945178, Drug Evaluation, Drug Approval Process, Hematologic Agents, Clinical Trials, Phase IV as Topic, Drug Compounding, Dexatrim, Omnitrope, drisapersen, Treatment Effectiveness, Emsam,,,,,
NCT00946049, Periodontal Debridement, Subgingival Curettage, Gingivoplasty, Periodontal Dressings, Oral Surgical Procedures, Atridox, Peri-Implantitis, Gingivectomy, Periodontics, Atrisorb,,,,,,
NCT00869830, Electric Stimulation Therapy, Clinical Investigators, Biofeedback, Psychology, Polysomnography, Drug Evaluation, Urinary Incontinence, Stress, Lotronex, Pragmatic Clinical Trial, Movalis, Single-Blind Method,,,,
NCT00870480, Hematologic Agents, Drug Evaluation, Dexatrim, Drug-Related Side Effects and Adverse Reactions, Gastrointestinal Agents, Emsam, Overmedication, Acetaminophen, Provigil, Drug Approval Process,,,,,,
NCT00874341, Weight Loss, Diet, Reducing, Diet, Diabetic, Weight-Loss Agents, Hypoglycemic Agents, Dietary Reference Intake, Low-Calorie Diet, Dietary Habits, Weight Gain, Metabolic Syndrome X,,,,
NCT00877292, Prenatal Screening, Neonatal Screening, Drug Evaluation, Clinical Trials, Phase IV as Topic, Cohort Studies, Clinical Research Protocol, Models, Biological, Fetal Viability, Neonatal Mortality, Asymptomatic Diseases,,,,
NCT00878163, Systemic Enzyme Therapy, Clinical Trials, Phase I as Topic, Altretamine, Drug Administration Schedule, CRLX101, Drug Toxicity, Drug-Related Side Effects and Adverse Reactions, Drug Evaluation, Prophylactic Mastectomy, Clinical Trials, Randomized,,,,
NCT00878527, Cardiovascular Surgical Procedures, Congestive Heart Failure, Heart Failure, Heart-Assist Devices, Defibrillators, Implantable, Cardiac Resynchronization Therapy Devices, Postpericardiotomy Syndrome, Extracorporeal Membrane Oxygenation, Cardiopulmonary Bypass, Heart Diseases,,,,,
NCT00880711, Clinical Trials, Phase I as Topic, Clinical Trials, Phase IV as Topic, Clinical Research Protocol, Multicenter Study, Treatment Protocols, Historically Controlled Study, Pulmonary Medicine, Drug Evaluation, Drug-Related Side Effects and Adverse Reactions, Databases, Pharmaceutical,,,
NCT00881010, Nonrespondents, Clinical Research Protocol, Physician-Patient Relations, Personal Medical Records, Clinic Activities, Episode of Care, Practice Patterns, Physicians', Patient Participation, Outcome Measures, Electronic Health Records,,,,,
NCT00881322, Gastrointestinal Agents, Dexatrim, Antidiarrheals, Weight Loss, Laxatives, Food-Drug Interactions, Nonprescription Drugs, Drug Hypersensitivity, Weight-Loss Agents, Drug Evaluation,,,,,,
NCT00882167, Clinical Research Protocol, Cardiovascular Surgical Procedures, Medical Records, Protocols, Nursing, Liver Function Tests, Neurosurgery, Multicenter Study, Obstetric Surgical Procedures, Cryoanesthesia, Clinical Trials, Phase I as Topic,,,,
NCT00885326, Clinical Trials, Phase I as Topic, CRLX101, drisapersen, Revlimid, evofosfamide, Alkeran, Neumega, Temodal, Protropin, Multicenter Study,,,,,
NCT00886899, Myocardial Revascularization, Percutaneous Coronary Intervention, Thrombolytic Therapy, Myocardial Infarction, Coronary Artery Bypass, Cardiac Catheterization, Cardiovascular Surgical Procedures, Angina, Unstable, Coronary Angiography, Angioplasty, Balloon, Coronary,,,
NCT00889070, Centers for Disease Control and Prevention (U.S.), Clinical Trials, Phase IV as Topic, Drug Approval Process, Risk Factors, Synagis, Respiratory Therapy, Drug Evaluation, Drug-Related Side Effects and Adverse Reactions, Hematologic Agents, Outcome Measures,,,,,
NCT00889382, Clinical Trials, Phase I as Topic, Multicenter Study, Carcinoma in Situ, Drug-Related Side Effects and Adverse Reactions, Liver Function Tests, Drug Administration Schedule, Temodal, Radiation Sickness, Systemic Enzyme Therapy, Concurrent Chemoradiotherapy,,,,,
NCT00892190, Drug Administration Schedule, Drug-Related Side Effects and Adverse Reactions, Neumega, Drug Evaluation, Drug Toxicity, Danocrine, Systemic Enzyme Therapy, Hematologic Agents, Chronopharmacokinetics, Treatment Effectiveness,,,,,,
NCT00892788, Clinical Research Protocol, Drug Evaluation, Clinic Activities, Research Subjects, Outcome Measures, Nonrespondents, Nutrition Assessment, Patient Participation, Pragmatic Clinical Trial, Weight Reduction Programs,,,,,,
NCT00894686, Centers for Disease Control and Prevention (U.S.), Hepatitis A Vaccines, Clinical Trials, Phase IV as Topic, Diphtheria Toxoid, hepatitis A-B vaccine, Revaccination, Drug Evaluation, Measles, Diphtheria-Tetanus-Pertussis Vaccine, Menveo,,,,,
NCT00895375, Nonrespondents, Polysomnography, Sleeplessness, Clinical Research Protocol, Diagnosis, Psychiatric, Drug Therapy, Secondary Insomnia, Clinical Investigators, Drug Evaluation, Multidisciplinary Pain Centers,,,,,
NCT00898014, Antineoplastic Protocols, Cancer Screening, Biomarkers, Tumor, Drug Therapy, Combination, Multicenter Study, Oncophage, ombrabulin, CRLX101, Platinol, Temodal,,,,
NCT00900536, Biomarkers, Tumor, Cancer Screening, Hematologic Neoplasms, Oncophage, Multicenter Study, Drug Evaluation, Revlimid, CRLX101, Antineoplastic Protocols, Cancer of Intestines,,,,,
NCT00900848, Multiple Trauma, Disarticulation, Forearm Injuries, Crush Injuries, Lacerations, Range of Motion, Articular, Fracture Fixation, Joint Dislocations, Tendon Release, Minor Surgical Procedures,,,,,
NCT00904917, Fear, Problem Behavior, Depressive Symptoms, Autistic Disorder, Personality Tests, Disruptive Behavior Disorder, Diagnosis, Psychiatric, Catastrophization, Emotional Stress, Life Change Events,,,,,
NCT00905697, Drug Evaluation, Clinical Research Protocol, Protocols, Nursing, Clinical Trials, Phase IV as Topic, Protropin, Clinic Activities, Nutrition Therapy, Vascular Nursing, Hypoglycemic Agents, Liver Function Tests,,,,
NCT00909779, Respiratory Therapy, Drug Evaluation, Spirometry, Drug-Related Side Effects and Adverse Reactions, Hematologic Agents, Drug Hypersensitivity, Nonrespondents, Risk Factors, Treatment Effectiveness, Drug Therapy,,,,,,
NCT00915915, MPA-E2C, Use-Effectiveness, Contraceptives, Postcoital, Levonorgestrel, Drug Evaluation, Drug Approval Process, Cyclofem, Ovulation Inhibition, Drug Labeling, Mesigyna,,,,,
NCT00921622, Vitamin D Deficiency, Nutrition Disorders, Malnutrition, Weight Loss, Magnesium Deficiency, Hematinics, Calcifediol, Vitamin B 12 Deficiency, Diet Therapy, Vitamin D 2,,,,,,
NCT00922883, Leukopenia, Neumega, Hematologic Tests, Lymphapheresis, Purpura, Thrombocytopenic, Idiopathic, Plateletpheresis, Revlimid, Erythrocyte Transfusion, Leukocyte Transfusion, Immunoglobulins, Intravenous,,,
NCT00923247, Drug Administration Schedule, CRLX101, drisapersen, Neumega, Clinical Trials, Phase I as Topic, Drug Evaluation, Drug-Related Side Effects and Adverse Reactions, evofosfamide, Hematologic Agents, WAS 406,,,,,
NCT00925301, Clinical Research Protocol, Drug Evaluation, Cohort Studies, Secondary Care Centers, Clinical Trials, Phase IV as Topic, Pragmatic Clinical Trial, Clinic Activities, Drug Utilization Review, Nonrespondents, Outpatient Clinics, Hospital,,,,
NCT00927927, drisapersen, Drug Approval Process, evofosfamide, Drug Evaluation, Hematologic Agents, Dexatrim, Treatment Effectiveness, Drug-Related Side Effects and Adverse Reactions, Neumega, rintatolimod,,,,,,
NCT00929838, Outcome Measures, Nonrespondents, Clinical Research Protocol, Self Care, Compliant Behavior, Nutrition Assessment, Deprescribing, Pragmatic Clinical Trial, Drug Therapy, Patient Education as Topic,,,,,,
NCT00931099, Asphyxia Neonatorum, Cordocentesis, Dystocia, Obstetric Labor Complications, Fetal Distress, Premature Birth, Prenatal Care, Fetal Macrosomia, Delivery, Obstetric, Internal Cardiotocography,,,,,
NCT00932919, Diagnosis, Psychiatric, Depressive Symptoms, Interview, Psychological, Psychotherapy, Brief, Catastrophization, Fear, Personality Tests, Psychophysiologic Disorders, Somatization Disorder, Behavior Therapy,,,
NCT00891787, Hematologic Tests, Neumega, Hematinics, Hepatitis A Vaccines, Lymphapheresis, RhoGAM, Asymptomatic Diseases, Hematologic Agents, Immunoglobulins, Intravenous, Immunologic Tests,,,,,
NCT00892398, Ocular Hypotension, Trabeculectomy, Glaucoma, Open-Angle, Iridectomy, Hyphema, Eye Hemorrhage, Filtering Surgery, Glaucoma, Neovascular, Capsule Opacification, Vitreoretinal Surgery,,,,
NCT00894582, Abdominal Wound Closure Techniques, Catheterization, Abdominoplasty, Aspiration Lipectomy, Thoracostomy, Hernia, Abdominal, Multiple Trauma, Cholecystectomy, Incisional Hernia, Reconstructive Surgical Procedures,,,,,
NCT00895895, Healthy Volunteers, Cognition Disorders, Drug Evaluation, Drug Therapy, Nonrespondents, Psychomotor Performance, Outcome Studies, Overlearning, Risk Factors, Outcome Measures,,,,,,
NCT00897520, Oncophage, Drug Evaluation, Biomarkers, Tumor, tecemotide, Cancer Screening, CRLX101, Clinical Trials, Phase I as Topic, Antineoplastic Protocols, Clinical Trials, Phase IV as Topic, Multicenter Study,,,
NCT00897910, Lymphapheresis, Point-of-Care Systems, Provenge, Antineoplastic Protocols, Revlimid, Hematologic Neoplasms, Neumega, Cell Transplants, Drug Evaluation, Monitoring, Immunologic,,,,,
NCT00898300, Multicenter Study, Clinical Research Protocol, Clinic Activities, Cancer of Skin, Cancer of Eye, Safety-net Clinics, SEER Program, Hospitals, Cancer, Community Health Systems, Practice Patterns, Physicians',,,,
NCT00900601, Diskectomy, Fracture Fixation, Spondylolisthesis, Arthroplasty, Replacement, Kyphosis, Range of Motion, Articular, Arthroplasty, Replacement, Knee, Revision, Joint, Pseudarthrosis, Fractures, Malunited
NCT00905476, Respiratory Therapy, Medical Records, Clinical Research Protocol, Never Event, Protocols, Nursing, Secondary Care Centers, Drug Evaluation, Work of Breathing, Neurologic Findings, Kyorin,,,,,
NCT00906126, Dystocia, Fetal Distress, Uterine Monitoring, Obstetric Labor Complications, Labor, Induced, Amnioscopy, Internal Cardiotocography, Fetal Malpresentation, Labor Stage, First, Pregnancy, Prolonged,,,
NCT00912197, Weight Loss, Low-Calorie Diet, Diet, Diabetic, Diet, Reducing, Weight Gain, Weight-Loss Agents, Body Weight Maintenance, Nutritional Requirements, Cholesterol, Dietary, Diet, Carbohydrate-Restricted,,
NCT00915096, Multicenter Study, Carcinoma in Situ, Berlin-Frankfort-Munster protocol, BFM-79 protocol, Clinical Trials, Phase I as Topic, Lymphoma, Drug-Related Side Effects and Adverse Reactions, Liver Function Tests, Clinical Trials, Phase IV as Topic, Clinical Research Protocol,,,,
NCT00915980, Hypoglycemic Agents, Insulin Shock, Weight Loss, Weight-Loss Agents, Hyperlipidemias, Diet, Reducing, Postprandial Hypoglycemia, Glucose Metabolism Disorders, Diet Therapy, Weight Gain,,,,,
NCT00922220, Manipulation, Chiropractic, Physical Therapy Modalities, Manipulation, Osteopathic, Spinal Adjustment, Chiropractic, Myofeedback, Chiropractic, Manual Therapies, Pain Management, Exercise Therapy, Rehabilitation,,,
NCT00930267, Clinical Research Protocol, Clinical Trials, Phase IV as Topic, Drug Evaluation, Centers for Disease Control and Prevention (U.S.), Protocols, Nursing, Drug Utilization Review, Point-of-Care Systems, Medical Laboratory Personnel, Nutrition Therapy, Computerized Physician Order Entry System,,,,
NCT00930592, Clinical Research Protocol, Models, Biological, Drug Evaluation, Clinical Trials, Phase IV as Topic, Outcome Studies, Risk Factors, Medical Records, Cohort Studies, Clinical Investigators, Disability Evaluation,,,,
NCT00931970, Cohort Studies, Nonrespondents, Hypoglycemic Agents, Clinic Activities, Clinical Research Protocol, Practice Patterns, Physicians', Clinical Trials, Phase IV as Topic, United States Agency for Healthcare Research and Quality, Geriatric Assessment, Patient Transition,,,,
NCT00932256, Drug Hypersensitivity, Cough, Antitussive Agents, Cetacaine, Antihistamines, Classical, Levalbuterol, Nasal Sprays, Rhinitis, Allergic, Seasonal, Dexatrim, Patanol,,,
NCT00932828, Peanut Hypersensitivity, Wheat Hypersensitivity, Radioallergosorbent Test, Hypersensitivity, Drug Hypersensitivity, Desensitization, Immunologic, Milk Hypersensitivity, Pharmalgen, Xolair, Environmental Illness,,,,,
NCT00933920, Food Interactions, Chronopharmacokinetics, Hematologic Agents, Drug Evaluation, Lanoxin, Dexatrim, Food-Drug Interactions, Diovan, Hypoglycemic Agents, Cleviprex,,,,,,
NCT00935207, Suboxone, Demerol, Narcan, Analgesics, Narcotic Analgesics, Subutex, Hydrocodone, Analgesics, Non-Narcotic, Opiate Substitution Treatment, Pain Management,,,,,
NCT00936104, Biomarkers, Tumor, Multicenter Study, Cancer Screening, Antineoplastic Protocols, Carcinoma in Situ, Models, Biological, Clinical Trials, Phase I as Topic, Cancer of Intestines, Drug Evaluation, Cancer of Gastrointestinal Tract,,,
NCT00936949, Joint Dislocations, Arthroplasty, Replacement, Tendon Release, Shoulder Dislocation, Arthroplasty, Replacement, Partial Knee, Arthroplasty, Knee Dislocation, Patellofemoral Joint, Arthroplasty, Replacement, Knee, Shoulder Fractures,
NCT00937248, Radiotherapy, Conformal, Moving and Lifting Patients, Clinical Trials, Phase I as Topic, Radiotherapy, High-Energy, Implanted Fiducials, Clinical Research Protocol, Aquaplast, Radiosurgery, Multicenter Study, Organ Sparing Treatments,,,
NCT00937560, Clinical Trials, Phase I as Topic, Drug-Related Side Effects and Adverse Reactions, Drug Evaluation, Drug Administration Schedule, Multicenter Study, Clinical Trials, Phase IV as Topic, Carcinoma in Situ, Treatment Protocols, Standard of Care, Clinical Trials, Randomized,,,
NCT00939679, Weight Loss, Weight Gain, Insulin Shock, Body Weight Maintenance, Weight-Loss Agents, Diet Therapy, Low-Calorie Diet, Fasting, Hyperglycemia, Diet, Reducing,,,,,
NCT00940095, Secondary Care Centers, Pulmonary Medicine, Cardiovascular Surgical Procedures, Clinical Research Protocol, Neurologic Findings, Neurosurgery, Obstetric Surgical Procedures, Obstetrics Department, Ambulatory Surgical Procedures, Protocols, Nursing,,,,,
NCT00940771, Kaletra, Emsam, Atripla, Drug-Related Side Effects and Adverse Reactions, Gastrointestinal Agents, Drug Evaluation, Drug Substitution, Orinase, triomune, Provigil,,,,,,
NCT00941083, Combivir, Kaletra, triomune, Antiretroviral Therapy, Highly Active, Truvada, TMC 125, S-GSK1349572, Integrase Inhibitors, Simeprevir, Atripla,,,,,
NCT00942903, Clinical Research Protocol, Medical Records, Patient Compliance, Work of Breathing, Continuous Positive Airway Pressure, Protocols, Nursing, Speech, Esophageal, Intubation, Intratracheal, Prosthesis Fitting, Infusion Pumps,,,
NCT00944164, Clinical Research Protocol, Clinic Activities, Nonrespondents, Outcome Measures, Nutrition Assessment, Drug Evaluation, Screening, Pragmatic Clinical Trial, Practice Patterns, Physicians', Safety-net Clinics,,,,,
NCT00945048, Clinical Research Protocol, Medical Records, Ballistocardiography, Point-of-Care Systems, Blood Gas Analysis, Drug Evaluation, Bedside Testing, Heart Rate, Clinical Trials, Phase IV as Topic, Extracorporeal Membrane Oxygenation,,,,,
NCT00947154, Drug Therapy, Drug-Related Side Effects and Adverse Reactions, Fluoxetine, Treatment Effectiveness, Clinical Investigators, coaxil, Antidepressive Agents, Akathisia, Drug-Induced, Patient Dropouts, Drug Evaluation,,,,,
NCT00947544, Drug-Related Side Effects and Adverse Reactions, Hematologic Agents, Drug Evaluation, Dexatrim, drisapersen, Cystagon, Treatment Effectiveness, Drug Administration Schedule, Chronopharmacokinetics, Drug Approval Process,,,,,,
NCT00947869, Glaucoma, Suspect, Refractive Errors, Hydrophthalmos, Myopia, Degenerative, Glaucoma, Open-Angle, Exfoliation Syndrome, Optic Nerve Diseases, Eye Diseases, Ametropia, Diabetic Retinopathy,,,
NCT00882245, Clinical Research Protocol, Drug Evaluation, Treatment Effectiveness, Therapeutics, Hematologic Agents, Drug-Related Side Effects and Adverse Reactions, Systemic Enzyme Therapy, Clinical Trials, Phase IV as Topic, Asymptomatic Diseases, Centers for Disease Control and Prevention (U.S.),,,,,
NCT00884546, Revlimid, Drug Evaluation, drisapersen, evofosfamide, Drug Toxicity, Thalomid, Levoleucovorin, Clinical Trials, Phase IV as Topic, Drug Administration Schedule, Drug Approval Process,,,,,
NCT00896519, Lymphoma, Revlimid, Alkeran, Carcinoma in Situ, P-VABEC, Clinical Trials, Phase I as Topic, Leukopenia, CHOP-14 protocol, CHOP-21 protocol, Leukeran,,,,,
NCT00896753, Cancer of Intestines, Cancer of Colon, Colonic Neoplasms, Carcinomatosis, Gastrointestinal Neoplasms, Biomarkers, Tumor, Cancer of Gastrointestinal Tract, Hematologic Neoplasms, CRLX101, Clinical Trials, Phase I as Topic,,,,
NCT00897442, Multicenter Study, SEER Program, Cancer of Eye, Cancer of Skin, Breast Carcinoma In Situ, Cancer of Urinary Tract, Genitourinary Cancer, Male Breast Cancer, Hospitals, Cancer, Lymphoma,,,,,
NCT00897871, Drug Evaluation, Drug Labeling, Clinical Trials, Phase IV as Topic, Hematologic Agents, Drug-Related Side Effects and Adverse Reactions, Clinical Research Protocol, Drug Administration Schedule, Clinical Trials, Phase I as Topic, Protropin, drisapersen,,,,
NCT00902278, Influenza Vaccines, Hepatitis A Vaccines, FluMist, Diphtheria Toxoid, Orthomyxoviridae, Adenovirus Vaccines, Prevenar, prevenar13, Measles-Mumps-Rubella Vaccine, Revaccination,,,,,,
NCT00902889, Pallidotomy, Cognition Disorders, Neurologic Findings, Neuropsychological Tests, Aphasia Tests, Encephalopathy, Drug Resistant Epilepsy, Outcome Studies, Sensory Motor Performance, Clinical Research Protocol,,,,,,
NCT00905736, Physical Therapy Modalities, Electric Stimulation Therapy, Myofeedback, Clinical Research Protocol, Manipulation, Osteopathic, Outcome Studies, Therapeutics, Manipulation, Chiropractic, Manipulation Therapy, Exercise Therapy,,,,
NCT00907920, Biomarkers, Tumor, Cancer Screening, Nervous System Neoplasms, Leukemia, Microarray Analysis, Hematologic Neoplasms, K-ras Genes, Gene Expression Profiling, Cancer, Second Primary, Tissue Microarray Analysis,,,,
NCT00908648, Liver Function Tests, Occult Blood, Clinical Research Protocol, Multicenter Study, Esophagogastroduodenoscopy, Cancer of Intestines, Drug Evaluation, Manipulation Therapy, Clinical Trials, Phase I as Topic, Cancer of Digestive System,,,,,
NCT00909272, Diskectomy, Manipulation, Chiropractic, Catheterization, Spondylolisthesis, Diskectomy, Percutaneous, Manipulation Therapy, Laminotomy, Ultrasonography, Lordosis, Zygapophyseal Joint,,,,
NCT00909857, Drug Therapy, Dysmenorrhea, Treatment Effectiveness, Drug-Related Side Effects and Adverse Reactions, Nonrespondents, Weight Loss, Drug Evaluation, Blood Pressure Determination, Gastrointestinal Agents, Physical Therapy Modalities,,,,,,
NCT00912249, Disability Evaluation, Rehabilitation Research, Self Care, School Health Services, School Health, Deprescribing, Occupational Therapy, Rehabilitation, Activities of Daily Living, Episode of Care,,,,,,
NCT00913965, Drug Evaluation, Food Interactions, Omnitrope, 4-Aminopyridine Sustained Release, Clinical Trials, Phase IV as Topic, Vytorin, Drug Approval Process, USL255, Emsam, Hematologic Agents,,,,,
NCT00914225, HIV Seropositivity, Centers for Disease Control and Prevention (U.S.), Asymptomatic Diseases, Drug Evaluation, Population Surveillance, Primary Prevention, Treatment Effectiveness, Risk Factors, Disease Transmission, Infectious, Patient Non-Compliance,,,,,
NCT00916760, Rhinitis, Allergic, Seasonal, Pyroglyphidae, Radioallergosorbent Test, Rhinitis, Allergic, Perennial, Rhinitis, Allergic, Desensitization, Immunologic, Peanut Hypersensitivity, Pharmalgen, Latex Hypersensitivity, Skin Tests
NCT00917475, Infant Welfare, Infant Behavior, Child Development, Disabled Children, Infant Development, Bottle Feeding, Mother-Child Relations, Breast Feeding, Mother-Infant Interaction, Parent-Child Relations,,,,,,
NCT00918359, Centers for Disease Control and Prevention (U.S.), Hematologic Agents, Drug Evaluation, Nutrition Therapy, Risk Factors, Clinical Research Protocol, Multiple Chemical Sensitivity, Therapeutics, Models, Biological, Hyperthermia, Induced,,,,
NCT00920400, Endoscopy, Gastrointestinal, Esophagogastroduodenoscopy, Gastroscopy, Upper Gastrointestinal Tract, Sigmoidoscopy, Esophageal Diseases, Fecal Microbiota Transplantation, Gastrointestinal Diseases, Gastroenterology, Diverticulosis, Colonic,,,,
NCT00922012, Asymptomatic Inflammatory Prostatitis, Manipulation Therapy, Urinary Bladder, Neurogenic, Cystitis, Interstitial, Urinary Incontinence, Urinary Incontinence, Stress, Urinary Bladder Diseases, Electric Stimulation Therapy, Urinary Tract Physiological Phenomena, Urination,,,
NCT00922831, Research Subjects, Clinical Research Protocol, Disability Evaluation, Diagnosis, Psychiatric, Pragmatic Clinical Trial, Cognition Disorders, Prodromal States, Aptitude Tests, Outcome Studies, Needs Assessment,,,,,
NCT00923104, Systemic Enzyme Therapy, Prophylactic Mastectomy, Manipulation Therapy, Dose-Response Relationship, Radiation, Carcinoma in Situ, Clinical Trials, Phase I as Topic, Prostatectomy, Drug Evaluation, Cancer of Skin, Basal Cell Cancer,,,,
NCT00925158, Rhytidectomy, Cervicoplasty, Rhytidoplasty, Genioplasty, Aspiration Lipectomy, Platysmaplasty, Surgical Flaps, Curettage, Vestibule of the Mouth, Carbon Dioxide Lasers,,,,,,
NCT00926211, Clinical Research Protocol, Drug Evaluation, Hematologic Agents, Prophylactic Mastectomy, Contractubex, Therapeutics, Risk Factors, Clinical Investigators, Patient Dropouts, Drug Approval Process,,,,,,
NCT00927212, Drug Hypersensitivity, Elidel, Drug-Related Side Effects and Adverse Reactions, Phototherapy, Systemic Enzyme Therapy, Desonide, Xolair, Environmental Illness, Fumaderm, Drug Evaluation,,,,,,
NCT00930709, Myofeedback, Physical Therapy Modalities, Exercise Therapy, Manipulation, Osteopathic, Manipulation, Chiropractic, Rehabilitation, Range of Motion, Articular, Therapy, Soft Tissue, Clinical Research Protocol, Pain Management,,
NCT00935545, Clinical Trials, Phase I as Topic, CRLX101, drisapersen, Neumega, Revlimid, Oncophage, tecemotide, Therapies, Investigational, Systemic Enzyme Therapy, evofosfamide,,,,
NCT00936988, drisapersen, Omnitrope, Hypoglycemic Agents, Vytorin, evofosfamide, Protropin, Treatment Effectiveness, Prolia, Clinical Trials, Phase IV as Topic, Levoleucovorin,,,,,
NCT00938470, Multicenter Study, Clinical Trials, Phase I as Topic, Carcinoma in Situ, Liver Function Tests, Clinical Research Protocol, Radiation Sickness, Survival Analysis, Actuarial Analysis, Matched-Pair Analysis, Prophylactic Mastectomy,,,,,
NCT00939497, Drug Evaluation, Hematologic Agents, Drug-Related Side Effects and Adverse Reactions, Analgesics, Treatment Effectiveness, Gastrointestinal Agents, Overmedication, Drug Approval Process, Dexatrim, Drug Therapy,,,,,,
NCT00877799, Drug Evaluation, Pain Management, Analgesics, Drug-Related Side Effects and Adverse Reactions, Hematologic Agents, Postoperative Nausea, Movalis, Acetaminophen, Nubain, Narcan,,,,,,
NCT00878215, Clinical Research Protocol, Liver Function Tests, Prophylactic Mastectomy, Manipulation Therapy, Multicenter Study, Models, Biological, Therapeutics, Clinical Trials, Phase I as Topic, Drug Evaluation, Risk Factors,,,,
NCT00878553, Polysomnography, Chronopharmacokinetics, Euphylong, Hematologic Agents, WAS 406, Single-Blind Method, USL255, Dexatrim, Cleviprex, IPX066,,,,,,
NCT00879424, Drug-Related Side Effects and Adverse Reactions, Asymptomatic Diseases, Malnutrition, Nutrition Disorders, Nutrition Therapy, Environmental Illness, Drug Hypersensitivity, Risk Factors, Protropin, Centers for Disease Control and Prevention (U.S.),,,,,,
NCT00882817, Spirometry, Vital Capacity, Rehabilitation, Rehabilitation Research, Cardiopulmonary Exercise Test, Physical Examination, Exercise Therapy, Respiratory Therapy, Endurance Shuttle Walk Test, Clinical Research Protocol,,,,,,
NCT00883649, Single-Masked Study, Conjunctival Diseases, Systemic Enzyme Therapy, Dry Eye Syndromes, Drug-Related Side Effects and Adverse Reactions, Drug Hypersensitivity, Contractubex, Patanol, Ocusert, Ocular Rosacea,,,,,,
NCT00886236, Movalis, Cryoanesthesia, Postoperative Nausea, Drug-Related Side Effects and Adverse Reactions, Pain Management, Pregabalin, Intraoperative Awareness, Anesthesia and Analgesia, Pentazocine, Chronopharmacokinetics,,,,,,
NCT00887406, Dexatrim, Hematologic Agents, Levalbuterol, Drug Evaluation, Cleviprex, Chronopharmacokinetics, Drug-Related Side Effects and Adverse Reactions, Blood Pressure Determination, Respiratory Therapy, Euphylong,,,,,,
NCT00889512, Ovulation Inhibition, Menotropins, Pregnyl, Cetrotide, Pergonal-500, Pergonal, Clomiphene Citrate, Urofollitropin, Humegon, Epimestrol,,,,,,
NCT00890500, Hematopoietic Stem Cell Transplantation, Transplantation Conditioning, Peripheral Blood Stem Cell Transplantation, Leukopenia, Autografts, Heart-Lung Transplantation, Lymphapheresis, Graft vs Leukemia Effect, Revlimid, Hematologic Neoplasms,,,,,,
NCT00892229, Cervagem, Vaginal Bleeding, Abortion, Induced, Uterine Monitoring, Intrauterine Device Expulsion, Delivery, Obstetric, Pregnancy Trimester, Second, Oxytocics, Postcesarean Section, Internal Cardiotocography,,,
NCT00894478, Subclinical Seizure, Electrocorticography, Intraoperative Electrocorticography, fMRI, Cryptogenic Infantile Spasms, Epilepsy, Brain Electrical Activity Mapping, Epilepsy, Complex Partial, Diffusion Magnetic Resonance Imaging, Epilepsies, Partial,,,,
NCT00899119, Clinical Trials, Phase I as Topic, Multicenter Study, Treatment Protocols, Antineoplastic Protocols, Hematopoietic Stem Cell Transplantation, Peripheral Blood Stem Cell Transplantation, Revlimid, Clinical Trials, Phase IV as Topic, Point-of-Care Systems, Clinical Research Protocol,,,,
NCT00899535, Biomarkers, Tumor, Cancer Screening, Carcinoma in Situ, Carcinoma, Non-Small-Cell Lung, Cancer, Second Primary, Neoplasms, Unknown Primary, Cancer of Intestines, Small Cell Lung Carcinoma, Multicenter Study, Hematologic Neoplasms,,
NCT00904098, Drug Therapy, Drug Evaluation, Nonrespondents, Drug-Related Side Effects and Adverse Reactions, Movalis, Clinical Research Protocol, Gastrointestinal Agents, Pragmatic Clinical Trial, Clinical Trials, Phase IV as Topic, Analgesics,,,,,
NCT00905021, Multicenter Study, Clinical Trials, Randomized, Prophylactic Mastectomy, Therapies, Investigational, Clinical Trials, Phase I as Topic, Systemic Enzyme Therapy, Carcinoma in Situ, Drug-Related Side Effects and Adverse Reactions, Treatment Protocols, CRLX101,,,
NCT00905723, MPA-E2C, Clinical Research Protocol, Female Contraception, Drug Evaluation, Risk Factors, Clinic Activities, Estrogen Replacement, Nutrition Therapy, Pregnancy in Diabetics, Drug-Related Side Effects and Adverse Reactions,,,,,,
NCT00907036, Transplantation Conditioning, Peripheral Blood Stem Cell Transplantation, Hematopoietic Stem Cell Transplantation, Autografts, Graft vs Leukemia Effect, Cell Transplants, Clinical Trials, Phase I as Topic, Melphalan, Revlimid, Disease-Free Survival,,,,,
NCT00908947, Clinical Research Protocol, Cardiovascular Surgical Procedures, Procedures, Liver Function Tests, Myocardial Revascularization, Patient Readmission, Catheterization, Catheterization, Central Venous, Drug Evaluation, Selection for Treatment,,,,,
NCT00910403, Ametropia, Corneal Pachymetry, Pseudophakia, Phakic Intraocular Lenses, Retinoscopy, Aberrometry, Refractive Errors, Videokeratography, Emmetropia, Lens Implantation, Intraocular,,,,,
NCT00911703, Point-of-Care Systems, Clinical Research Protocol, Bedside Testing, Practice Patterns, Physicians', Practice Guideline, Monitoring, Ambulatory, Drug Evaluation, Nonrespondents, Outcome Measures, Patient Readmission,,,,
NCT00912665, Blood Pressure Monitors, Hypotension, Cardiac Output, Ocular Hypotension, Intraocular Pressure, Nitroglycerin, Capillary Resistance, Ophthalmodynamometry, Intracranial Hypertension, Blood Gas Analysis,,,,,,
NCT00916916, Clinical Research Protocol, Drug Evaluation, Drug Approval Process, Clinical Trials, Phase IV as Topic, Device Approval, Drug Utilization Review, Point-of-Care Systems, Databases, Pharmaceutical, Omnitrope, Practice Patterns, Physicians',,,
NCT00918060, Periodontal Debridement, Dental Plaque Index, Bleeding on Probing, Gingival, Community Periodontal Index of Treatment Needs, Dental Caries, Gingival Diseases, Atridox, Dental Care, Chronic Periodontitis, Scaling, Supragingival,,,,
NCT00919607, USL255, bitopertin, edivoxetine, Trileptal, dexpramipexole, IPX066, Drug Evaluation, Clinical Trials, Phase IV as Topic, Cymbalta, Provigil,,,,,
NCT00922428, Pain Management, Dysmenorrhea, Physical Therapy Modalities, Drug Therapy, Movalis, Drug-Related Side Effects and Adverse Reactions, Analgesics, Treatment Effectiveness, Clinical Investigators, Acute Pain,,,,,,
NCT00922753, Work of Breathing, Vital Capacity, Clinical Research Protocol, Diffusion, Maximal Voluntary Ventilation, Anesthesia, Closed-Circuit, Cryoanesthesia, Blood Gas Analysis, Models, Biological, Medical Records,,,,
NCT00924937, Hyperlipidemias, Coronary Disease, Cardiovascular Diseases, Myocardial Ischemia, Dyslipoproteinemias, Metabolic Syndrome X, Hyperlipoproteinemias, Hyperglycemia, Cholesterol, LDL, Hypercholesterolemia,,,,,
NCT00931814, Rehabilitation Research, Outcome Measures, Physical Examination, Health Status Indicators, Cognition Disorders, Disability Evaluation, Geriatric Assessment, Rehabilitation, Healthy Volunteers, Nutrition Assessment,,,,,,
NCT00933257, Sunscreening Agents, Ultraviolet Therapy, Cancer of Skin, Phototherapy, Drug-Related Side Effects and Adverse Reactions, Systemic Enzyme Therapy, Dermatitis, Phototoxic, Drug Evaluation, Photosensitivity Disorders, Drug Hypersensitivity,,,,,
NCT00937365, Physical Therapy Modalities, Manipulation Therapy, Manipulation, Chiropractic, Manual Therapies, Clinical Research Protocol, Manipulation, Osteopathic, Disability Evaluation, Chiropractic, Spinal Adjustment, Chiropractic, Outcome Studies,,,
NCT00937690, Cancer of Skin, Keratosis, Seborrheic, Basal Cell Cancer, Carcinoma, Basal Cell, Epidermal Cyst, Vulvar Diseases, Nevus, Pigmented, Port-Wine Stain, Fibrocystic Breast Disease, Carcinoma, Basal Cell, Pigmented,
NCT00938899, drisapersen, Hematologic Agents, Clinical Trials, Phase IV as Topic, Drug Evaluation, Drug Administration Schedule, evofosfamide, Neumega, Atripla, Dexatrim, Treatment Effectiveness,,,,,
NCT00868946, Asymptomatic Diseases, Drug-Related Side Effects and Adverse Reactions, Congestive Heart Failure, Heart Failure, Hepatitis E, Drug Evaluation, Hepatitis B, Respiratory Therapy, Hematologic Tests, Immunoglobulins, Intravenous,,,,,
NCT00869479, Clinical Research Protocol, Clinical Trials, Phase IV as Topic, Drug-Related Side Effects and Adverse Reactions, Asymptomatic Diseases, Point-of-Care Systems, Drug Evaluation, Multiple Chemical Sensitivity, Protocols, Nursing, Medical Records, Centers for Disease Control and Prevention (U.S.),,,,
NCT00875693, Revlimid, Clinical Trials, Phase I as Topic, Leukopenia, Idarubicin, Neumega, Berlin-Frankfort-Munster protocol, BFM-79 protocol, Alkeran, Aracytine, Drug Toxicity,,,,,
NCT00876408, Clinical Research Protocol, Multicenter Study, Clinical Trials, Phase IV as Topic, Point-of-Care Systems, Drug Approval Process, Cost-Effectiveness Analysis, Antineoplastic Protocols, Drug Evaluation, Cancer Screening, Drug Utilization Review,,,,,
NCT00886704, Weight-Loss Agents, Dexatrim, Weight Loss, Drug Evaluation, Diet, Diabetic, Hypoglycemic Agents, Nutrition Therapy, Nutritional Requirements, Diet Therapy, Fats, Unsaturated,,,,
NCT00887029, Single-Masked Study, Ocusert, Ocular Hypotension, Glaucoma, Open-Angle, Cycloplegics, Travatan, Refractive Errors, Betoptic, Miotics, Lumigan,,,,,
NCT00889902, Cancer Screening Tests, Cancer Screening, Risk Factors, Drug Evaluation, Asymptomatic Diseases, Cost-Effectiveness Analysis, Clinical Research Protocol, Early Detection of Cancer, Clinical Trials, Phase IV as Topic, Nonrespondents,,,,,
NCT00892658, Systemic Enzyme Therapy, Liver Function Tests, Clinical Trials, Phase I as Topic, Clinical Trials, Randomized, Drug Evaluation, Prophylactic Mastectomy, Drug-Related Side Effects and Adverse Reactions, Multicenter Study, Therapies, Investigational, Psychotherapy, Multiple,,
NCT00892970, Clinical Research Protocol, Safety-net Clinics, Clinic Activities, Clinical Conference, Practice Patterns, Physicians', Cohort Studies, Surgicenters, Community Health Systems, Medical Laboratory Personnel, Protocols, Nursing,,,,
NCT00893646, Weight Reduction Programs, Body Weight Changes, Weight Loss, Motor Activity, Blood Pressure Determination, Nutrition Assessment, Diet, Reducing, Nonrespondents, Weight-Loss Agents, Drug Therapy,,,,,
NCT00894946, Clinical Research Protocol, Female Contraception, Pregnancy, Heterotopic, Drug Evaluation, Pregnancy Outcome, Uterine Monitoring, Subfertility, Female, Reproductive Techniques, Protocols, Nursing, Ovum Donors,,,
NCT00895271, Asymptomatic Diseases, Systemic Enzyme Therapy, Drug Evaluation, Therapeutics, Hematologic Agents, Immune System Diseases, Point-of-Care Systems, Neumega, Hematologic Neoplasms, Drug-Related Side Effects and Adverse Reactions,,,,,,
NCT00898157, Lymphoma, Multicenter Study, Carcinoma in Situ, Clinical Trials, Phase I as Topic, Lymphoma, Mixed-Cell, Biomarkers, Tumor, Leukemia, Lymphoma, AIDS-Related, Hodgkin Disease, Models, Biological,
NCT00898495, Cancer Screening, Antineoplastic Protocols, Multicenter Study, Biomarkers, Tumor, Cancer of Intestines, Cancer, Second Primary, Clinical Trials, Phase I as Topic, Hematologic Neoplasms, Cancer of Urinary Tract, Carcinoma in Situ,,,
NCT00899587, Doxium, Blood Gas Analysis, Single-Masked Study, Blood Pressure Determination, WAS 406, Eye Hemorrhage, Oxygen Inhalation Therapy, oxerutin, Diabetic Retinopathy, Respiratory Therapy,,,,,,
NCT00909363, Neumega, Hematologic Tests, Hemorrhage, Nadroparin, Hematinics, Prothrombin Time, Sintrom, International Normalized Ratio, Revasc, Thrombostat,,,,,,
NCT00910260, Ultraviolet Therapy, Cancer of Skin, Photosensitivity Disorders, Phototherapy, Hand Dermatoses, Heliotherapy, Hyperpigmentation, Clinical Research Protocol, Nonrespondents, Skin Physiological Phenomena,,,,,,
NCT00910468, Culdoscopy, Fallopian Tube Reanastomosis, Gynecologic Surgical Procedures, Uterine Monitoring, Hysteroscopic Surgical Procedures, Laparoscopy, Surgical Procedures, Laparoscopic, Hysterectomy, Vaginal, Leiomyoma, Cholecystectomy,,,,
NCT00913913, Revlimid, Clinical Trials, Phase I as Topic, tecemotide, CRLX101, Oncophage, Neumega, drisapersen, Alkeran, Provenge, evofosfamide,,,,,
NCT00914199, Myocardial Revascularization, Percutaneous Coronary Intervention, Coronary Angiography, Coronary Artery Bypass, Rotational Atherectomy, Angioplasty, Balloon, Coronary, Angina, Unstable, Myocardial Infarction, Thrombolytic Therapy, Angiography,,,
NCT00915525, Drug Therapy, Urinary Incontinence, Nonrespondents, Treatment Effectiveness, Drug-Related Side Effects and Adverse Reactions, Dysmenorrhea, Outcome Measures, Clinical Investigators, Physical Therapy Modalities, Drug Evaluation,,,,,,
NCT00920738, Pediatric Obesity, Preexisting Condition Coverage, Matched-Pair Analysis, Protropin, Central Nervous System Neoplasms, Risk Factors, Diabetes Mellitus, Type 2, Insulin Shock, Weight Loss, Hematologic Neoplasms,,,,,
NCT00921349, Portasystemic Shunt, Surgical, Splenorenal Shunt, Surgical, Hepatic Encephalopathy, Portacaval Shunt, Surgical, Esophageal Varices, Esophageal and Gastric Varices, Gastric Varix, Portasystemic Shunt, Transjugular Intrahepatic, Liver Function Tests, Hypertension, Portal,
NCT00923923, Drug Therapy, Diagnosis, Psychiatric, Drug Withdrawal Symptoms, Drug Evaluation, Medical Marijuana, Nonrespondents, Patient Dropouts, Drug-Related Side Effects and Adverse Reactions, Alcoholism, Risk Behavior,,,,,
NCT00924482, Procedures, Heart-Assist Devices, Point-of-Care Systems, Catheterization, Central Venous, Clinical Research Protocol, Extracorporeal Membrane Oxygenation, Bedside Testing, Medical Records, Intraoperative Care, Cardiovascular Surgical Procedures,,,,,
NCT00927550, Drug Therapy, Drug-Related Side Effects and Adverse Reactions, Overmedication, Patient Dropouts, Diagnosis, Psychiatric, Drug Evaluation, Medication Nonadherence, Drug Abuse, Substance Abuse, Alcohol-Related Disorders,,,,,
NCT00929461, Intravenous Feeding, Blood Physiological Phenomena, Acid-Base Equilibrium, Ketonuria, Acetonemia, Infusions, Parenteral, Overnutrition, Insulin Shock, Weight Loss, Pelentan,,,,,
NCT00930462, Liver Function Tests, Drug Evaluation, Manipulation Therapy, Protropin, Cancer of Digestive System, Diffusion, OSI-7836, Clinical Research Protocol, Carcinoma in Situ, Medical Records,,,,,,